﻿Barangay ,New Cases,Active Cases,Total Cases,Deaths,Recoveries,Lockdown Information
A. Bonifacio-Caguioa-Rimando,3,24,27,40,65,
Abanao-Zandueta-Kayong-Chugum-Otek,0,25,25,35,60,
Alfonso Tabora,0,0,30,34,70,
Ambiong,0,0,12,13,24,"Courtyard, Purok 5, Courtyard, Goshenland"
Andres Bonifacio,0,0,12,10,43,
Apugan-Loakan,0,0,12,9,40,
Asin Road,0,25,26,8,41,"Purok 1, Km.3(Hard Lockdown)"
Atok Trail,0,20,20,6,41,
Aurora Hill Proper,4,31,35,2,50,Sgt. Floresca
"Aurora Hill , North Central",2,12,1,3,55,
"Aurora Hill, South Central",2,12,14,0,50,
Bagong Lipunan,0,12,12,0,32,
Bakakeng Central,0,13,13,0,32,
Bakakeng North,0,15,15,0,32,
Bal-Marcovilee,0,16,16,0,30,
Balsigan,0,17,17,86,36,Purok 5
Bayan Park East,0,9,9,24,37,Purok 2
Bayan Park Village,0,3,3,24,37,Purok 1 & 6
Bayan park West ,0,6,6,24,37,"Road 1 Extension, road 2, Purok 1"
BGH Compound,0,2,2,24,37,
Brookspoint,0,1,1,12,46,Purok 3 & 6
Brookside,0,2,2,13,47,"M. Roxas, Purok 7"
Cabinet Hill-Teachers's Camp,0,0,0,13,40,
Camdas Subdivision,0,0,0,1,52,Main Road
Camp 7,0,0,0,1,56,
Camp8,0,0,0,1,23,
Camp Allen,0,0,0,1,20,
Campo Filipino ,0,0,0,1,20,Naguillian Road
City Camp Central,5,13,18,1,20,Purok 2
City Camp Proper,0,0,0,1,20,Purok 4
Ciuntry Club Village,0,0,0,1,20,
Cresencia Village,0,0,0,1,24,
"Dagsian, Lower",2,0,0,1,25,
"Dagsian, Upper",2,0,0,1,27,
Dizon Subdivision,0,0,0,1,27,"Kalapati Street, Kanaryu Street, Pine Tree Street"
Dominican Hill-Mirador,0,0,0,1,27,Anthony Street
Dontogan,0,0,0,4,27,
DPS Area,0,0,0,4,28,
Engineer's Hill,0,0,0,4,21,
Fairview Village,0,0,0,4,27,"Purok 7, Sunnyside (Hard Lockdown)"
Ferdinand,0,0,0,4,60,
Forte del Pilar ,0,0,0,4,12,
Gabriela Silang ,0,0,0,6,15,
General Emilio F. Aguinaldo,0,4,4,7,15,
"General Luna, Lower",0,5,5,3,23,
"Genral Luna, Upper",0,0,0,2,21,
Gibraltar,0,0,0,67,21,"Puroks 1,4,8, & 6"
Greenwater Village,0,0,0,3,34,
Guisad Central,0,0,0,3,34,
Guisad Sorong,0,0,0,3,31,
Happy Hollow,0,0,0,3,23,
Happy Homes,0,0,0,0,23,
Harrison-Claudio Carantes,0,0,0,0,20,
Hillside,0,0,0,0,28,
Holy Ghost Extension,0,0,0,0,26,
Holy Ghost Proper,0,0,0,0,25,
Honeymoon,0,0,0,0,24,
Imelda R. Marcos,0,27,27,0,27,
Imelda Village,0,12,12,0,25,
Irisan,0,5,5,0,13,"Purok 9, Belenben, Purok 5 &12"
Kabayanihan,0,4,4,0,15,
kagitingan,0,4,4,0,26,
Kayang Extension,0,4,4,0,25,
Kayang-hilltop,0,0,0,0,26,
Kias,0,0,0,0,27,
Legarda-Burnham-Kisad,0,4,4,0,43,
Liwanag-Loakan,0,12,12,0,51,Purok 6
Loakan Proper,0,4,4,0,23,"Purok Pidawan, Purok Ongasan"
Lopez Jaena,0,4,4,0,20,Purok 1&4
Lourdes Subdivision Extension,0,4,4,0,34,Hamada Road
"Lourdes Subdivision, Lower",0,4,4,0,12,
"Lourdes Subdivision, Proper",0,0,0,0,20,
Lualhati,0,4,4,0,20,Purok 1
Lucnab,0,0,0,0,2,
Magsaysay Private Road,0,0,0,0,3,
"Magsaysay, Lower",0,0,0,0,4,
"Magsaysay, Upper",0,0,0,0,5,
Malcolm Square-Perfecto,0,0,0,0,6,
Manuel A. Roxas,0,0,0,0,7,
Marcoville,0,5,5,0,8,Purok 1
"Market Subdivision, Upper",0,0,0,0,9,
Middle Quezon Hill Subdivision,0,15,15,0,0,Abellara Street
Military Cut-off,0,0,0,0,41,
Mines View Park,0,0,0,0,23,
"Modern Site, East",0,6,6,0,25,"Interior Ledesma, Interior Ledesma Purok 3, Ledesma, Purok 2, 6, &7"
"Modern Site, West",0,5,5,0,24,Rimando Road
MRR-Queen of Peace,0,0,0,0,25,
New Lucban,0,0,0,0,20,
Outlook Drive,0,0,0,0,21,
Pacdal,0,0,0,0,22,
Padre Burgos,0,0,0,0,35,
Padre Zamora,0,0,0,0,4,
Palma-Urbano,0,0,0,0,7,
Phil-Am,0,0,0,0,6,
Pinget,0,0,0,0,4,
Pinsao Pilot Project,2,6,8,0,32,
Pinsao Proper,3,6,9,0,2,
Poliwes,0,0,0,0,1,
Pucsuan,0,0,0,0,3,
Quezon Hill Proper,6,0,6,0,4,
"Quezon Hill, Upper",1,0,1,0,6,
"Quirino Hill, East",0,0,0,0,7,"Blocks 2, 4, & 7"
"Quirino Hill, Lower",1,0,1,0,8,"Purok 1, Saleng Street, Purok 3"
"Quirino Hill, Middle",2,0,2,0,9,Block 3
"Quirino Hill, West",4,0,4,0,14,Block 9
"Quirino-Magsaysay, Upper",1,0,1,0,22,
Rizal Monument Area,0,0,0,0,24,
"Rock Quarry, Lower",0,0,0,0,24,
"Rock Quarry, Middle",0,0,0,0,24,
"Rock Quarry, Upper",0,0,0,0,24,
Saint Joseph Village,0,6,6,1,12,Purok 6
Salud Mitra,0,0,0,0,12,
San Antonio Village,0,5,5,0,12,
San Roque Village,0,0,0,0,10,
San Vicente ,0,0,0,0,13,
"Sanitary Camp, North",0,0,0,0,1,
"Sanitary Camp, South",0,0,0,0,1,
Santa Escolistica,0,0,0,0,1,
Santo Rosario,0,0,0,0,2,
Santo Thomas Proper,0,0,0,0,2,Interior A
Santo Thomas School Area,0,0,0,0,3,
Scout Barrio,0,0,0,0,4,
Session Road Area,0,0,0,0,67,Governor Pack
Slaughter House Area,2,0,2,0,2,
SLU-SVP Housing Village,0,0,0,0,1,
South Drive,0,0,0,0,22,
Teodora Alonzo,0,0,0,0,23,
Trancoville,0,0,0,0,2,
Victoria Village,0,0,0,0,2,
